{
  "Linear Regression": {
    "MAE": 0.7964267274149475,
    "MSE": 0.9342756010148905,
    "R2": 0.6067201544810193
  },
  "Decision Tree": {
    "MAE": 0.83,
    "MSE": 1.35,
    "R2": 0.4317225122074424
  },
  "Random Forest": {
    "MAE": 0.7290499999999999,
    "MSE": 0.83892425,
    "R2": 0.6468579516753663
  }
}